<?xml version="1.0" encoding="UTF-8"?>
<extension type="library" version="3.0" method="upgrade">
	<name>MPDF</name>
	<libraryname>mpdf</libraryname>
	<version>6.0</version>
	<creationDate>March 11, 2015</creationDate>
	<author>CMExtension team / Ian Back</author>
	<authorUrl>www.cmext.vn / www.mpdf1.com</authorUrl>
	<authorEmail>cmext.vn@gmail.com / ianb@bpm1.com</authorEmail>
	<description><![CDATA[This is a Joomla! library package for mPDF - Unicode-HTML Free PDF generator. CMExtension only created this package for installing into Joomla! CMS. All credits for mPDF belong to Ian Back and the contributors.]]>
	</description>

	<files folder="mpdf">
		<folder>classes</folder>
		<folder>collations</folder>
		<folder>font</folder>
		<folder>graph_cache</folder>
		<folder>iccprofiles</folder>
		<folder>includes</folder>
		<folder>mpdfi</folder>
		<folder>patterns</folder>
		<folder>qrcode</folder>
		<folder>tmp</folder>
		<folder>ttfontdata</folder>
		<folder>ttfonts</folder>
		<file>CREDITS.txt</file>
		<file>LICENSE.txt</file>
		<file>config.php</file>
		<file>config_fonts.php</file>
		<file>config_lang2fonts.php</file>
		<file>config_script2lang.php</file>
		<file>graph.php</file>
		<file>lang2fonts.css</file>
		<file>mpdf.css</file>
		<file>mpdf.php</file>
		<file>mpdf.xml</file>
		<file>progbar.css</file>
	</files>
</extension>